date_time,Wadon,Green Fire,Gold Star,ISS,Fjord Fun,Austrian white water,Netpun,Pirates of Bavaria,Dino Garden,Ferry Boat,temperature,weather,month,day_of_week,is_holiday
2020-01-05,13.810344151622525,13.9779426736287,13.919212151189344,13.967453054656334,2.982881112487821,2.9392170588819266,2.9852139632427384,5.212712872262042,5.379244889910138,5.2670370475549015,10.010836709820124,sunny,1,2,False
2020-01-12,13.273204843424843,13.27699252855692,13.268395671075893,13.249919728233841,2.298192867688035,2.4220537270441818,2.371625017213026,4.72265088769682,4.647567328206447,4.74291524180876,9.73050503006365,sunny,1,0,False
2020-01-19,13.379260679729368,13.253631826640374,13.344853615993,13.351333068427762,2.470895143143134,2.45429500627525,2.534749482396217,4.76496469379948,4.772839518883695,4.720383346002371,10.15213641611924,sunny,1,0,False
2020-01-26,13.310578106842229,13.315724956849687,13.331134713128092,13.28843510547031,2.504793508119197,2.5111039864080036,2.4217319626450866,4.780907271535362,4.81540489241966,4.741656187601709,10.080661968009778,sunny,1,0,False
2020-02-02,13.21631816651827,13.261590639283517,13.239928545020135,13.283502504672143,2.30506630236672,2.4029186803581,2.400406973888471,4.542663601829596,4.6408183867369965,4.599118253447138,10.175873652005158,sunny,1,0,False
2020-02-09,13.30182598220974,13.200152857786144,13.266746068805771,13.30819686059889,2.487426558885393,2.4824306534262264,2.407656098804872,4.631047066216005,4.672370860054177,4.607160594421656,10.199096847374657,sunny,2,0,False
2020-02-16,13.385396575791017,13.536890726486831,13.504878851685863,13.385498377477521,2.462946819891433,2.4759080814711236,2.381408559327037,4.763331840536803,4.839909691512299,4.841970063033424,10.09432141312234,sunny,2,0,False
2020-02-23,13.212157304624316,13.273270560269996,13.218955992733889,13.213139512641812,2.490029539389602,2.4263944598321876,2.4162204811531014,4.626571190072407,4.537195714108448,4.6320864526961945,10.2715495611109,sunny,2,0,False
2020-03-01,13.337431154195455,13.341076753564877,13.35406833663259,13.368587663164977,3.069696731946961,2.9760016339364985,3.071701158545171,4.614398493735567,4.687063805540038,4.733361787132504,9.983786301139919,sunny,2,0,False
2020-03-08,13.129786410259307,13.166452554812498,13.271995899660816,13.199279294489015,6.3313199926168275,6.381915017866199,6.326930828039397,4.502979199053873,4.560319477240398,4.537359068958451,10.072043535827252,sunny,3,0,False
2020-03-15,13.393633920019706,13.38923578670348,13.338127321921903,13.277533883594783,6.438901909982484,6.426538292391546,6.527312889030339,4.787991157638556,4.741604729668981,4.730884657794073,10.238820392651123,sunny,3,0,False
2020-03-22,13.502884874751246,13.428681242469198,13.534081586302827,13.520667748248352,6.683135053019088,6.615942544251321,6.580349560311635,4.939571205655138,4.776507335654754,4.7725534968305805,10.166894693035324,sunny,3,0,False
2020-03-29,13.465111032557948,13.489568524166648,13.469455648750122,13.376486806290037,6.569237208933358,6.596033157215474,6.55911026519627,4.850010135222853,4.806497952080341,4.856906237117353,9.74158786511456,sunny,3,0,False
2020-04-05,13.271460103910746,13.182569680177686,13.184623162150011,13.18159046475751,6.298354943372366,6.368838192494329,6.351450586484633,4.676044440853472,4.602088488261664,4.66013659971244,9.734045202375162,sunny,4,0,False
2020-04-12,13.26382182033656,13.264643766530899,13.19042462878461,13.18581889754382,6.406217598198894,6.383353401512587,6.336150808243223,4.642473962461507,4.549852060075882,4.557662827459859,10.382587339099569,sunny,4,0,False
2020-04-19,13.264652537327354,13.312204206724195,13.317442792438328,13.336489412986618,6.499506128611309,6.479099178092003,6.471506192217212,4.608489783563701,4.6881691510031045,4.669051724939845,9.951663091919912,sunny,4,0,False
2020-04-26,13.250366587051527,13.244873469573912,13.20191805942288,13.194022834330642,6.279624085992184,6.3687336913125865,6.307145691252487,4.645668879858554,4.575806274381556,4.657788399936785,9.868265790169339,sunny,4,0,False
2020-05-03,13.129695902497406,13.146967663786526,13.124990142712358,13.221316242264379,6.400279725538131,6.330868783632523,6.281186063670849,4.624672933040887,4.64839322664284,4.574592986484024,9.884174273956715,sunny,4,0,False
2020-05-10,13.45571091051085,13.36641738595892,13.341837840473087,13.391187643913021,6.478060289095383,6.472276057277343,6.36524982565832,4.743671698070072,4.8301530417810605,4.77405720164402,10.6026537093731,sunny,5,0,False
2020-05-17,13.333738543263502,13.364629978368834,13.354989833280207,13.248281121810429,6.443538096628107,6.475419672985546,6.442064587716513,4.721780360784456,4.767278347830201,4.741670684446786,9.926056901231112,sunny,5,0,False
2020-05-24,13.40595828488105,13.232176100544883,13.31769324458716,13.3947525485893,6.555947435538691,6.556118670592856,6.495340623695888,4.747136962084636,4.688595571695665,4.800903859090467,9.947369581169765,sunny,5,0,False
2020-05-31,13.232104879381305,13.263654790144642,13.176249058593308,13.183947287697181,6.339249635976616,6.373242022782226,6.41625221457196,4.635404652898394,4.6276134688259205,4.715678726423552,9.747270084151026,sunny,5,0,False
2020-06-07,15.369351218311484,15.406237633313562,15.361061878845595,15.41018216062129,13.122288918821504,13.116252645946528,13.159071873037108,6.679827645503862,6.653783921108233,6.729676802190668,25.037498198933864,sunny,6,0,False
2020-06-14,15.46851707964568,15.464335676361662,15.43799525898893,15.495339892376032,13.684339593662461,13.653115937753544,13.582820082546803,6.7314397743568035,6.728573866891525,6.738472226222062,24.878243167669353,sunny,6,0,False
2020-06-21,15.61345799672072,15.56302160070607,15.526380299539683,15.516050594580685,13.938594941439883,13.949860680795604,13.955000700354349,6.962151223665724,6.950122003827377,6.931126124041007,25.02585536495105,sunny,6,0,False
2020-06-28,15.54952123922096,15.556068265341954,15.46723523553838,15.534500916261234,13.207877813358943,13.187978454106267,13.235771194196449,6.909316421620133,6.821561845814161,6.877391000260618,24.596378780711916,sunny,6,0,False
2020-07-05,15.520347889705295,15.55945860195173,15.548440230777214,15.530268148472853,13.659023343677983,13.585447078387874,13.678353097041903,6.939927488559535,6.819029300871803,6.898502753556149,24.97780150879177,sunny,7,0,False
2020-07-12,15.533082396141035,15.506974873508218,15.480120274000946,15.527253888046676,13.41488762850443,13.367231077375603,13.369547422478277,6.811331370471386,6.885461061544582,6.768504622292898,25.118585469182882,sunny,7,0,False
2020-07-19,15.501549805443043,15.473966739047953,15.580534575828002,15.479808425787686,12.938269852232049,12.909038047319475,12.906013544845539,6.808192356967435,6.795971357044447,6.766603281394512,25.025997695162264,sunny,7,0,False
2020-07-26,15.81626436018029,15.645838007782432,15.675173374902737,15.702733668146431,12.949389094081535,12.979340321451886,12.946869989002433,6.945101638973535,7.046545775329678,7.030100517088851,25.063534427748976,sunny,7,0,False
2020-08-02,15.677009563424798,15.730924303304297,15.742362136062505,15.785795081684636,13.765839735000606,13.74014969454659,13.782570602758101,7.002611049335117,6.971022409135938,6.974371539820784,24.988364807683475,sunny,7,0,False
2020-08-09,15.66016782500653,15.702217449164655,15.773231807463011,15.67376295955098,13.672677393121619,13.648578139532574,13.629267156149282,6.899304283075503,7.006263097914445,6.970526923943136,24.811019812609185,sunny,8,0,False
2020-08-16,15.540032055188243,15.618896893618745,15.577411166522827,15.609089148846516,12.932447252426725,13.059179618624155,12.978207705652126,6.798203637466287,6.8643466576778,6.869081689778935,24.92938676949535,sunny,8,0,False
2020-08-23,15.463710684262967,15.480630627591598,15.475901978406714,15.306179360179526,12.892775152217862,12.737495232960576,12.916896006241828,6.575347408781612,6.721671397628494,6.773095888285786,24.834750026933676,sunny,8,0,False
2020-08-30,15.400044509489547,15.553749442859353,15.464117222238249,15.46768334970502,13.457981566816752,13.520913942378984,13.473139886761496,6.84711465365436,6.850233234770769,6.866316762029049,24.968402746946087,sunny,8,0,False
2020-09-06,13.632553187074254,13.545538105149815,13.60246917120314,13.57687057207301,7.604534646782231,7.535640315511151,7.433052917824365,4.9425673882943775,5.023392647163834,5.0311984078907175,12.417544222825105,sunny,9,0,False
2020-09-13,13.415881951594859,13.361313398202448,13.391258704774115,13.396415673608484,6.516810520323327,6.465978512875481,6.515674488907176,4.844138350296136,4.796986669044402,4.83901510628385,9.803295129570879,sunny,9,0,False
2020-09-20,13.29544059602143,13.396492300212525,13.230490742763577,13.375118831642364,6.51224388202746,6.407228119904225,6.486273860985783,4.748414912655945,4.730260464677038,4.720175161462534,10.24694534080151,sunny,9,0,False
2020-09-27,13.23608372256844,13.163854397411594,13.202397266029177,13.286700019097676,6.359365222365994,6.370524735958485,6.415342859010094,4.506013992052129,4.645344578068209,4.603653880546141,10.220650972452217,sunny,9,0,False
2020-10-04,13.026899824810704,13.115562213077302,13.179153292817102,13.153090458232786,6.2414885022773845,6.361381899187721,6.25261546057382,4.482459690867069,4.48506420604291,4.471903636861599,9.868794119818606,sunny,10,0,False
2020-10-11,13.284181349778034,13.172384987337377,13.280647672332613,13.317021730987252,6.464329437964246,6.369587160565449,6.4301095965402295,4.644000695697533,4.749351755753385,4.653928098005409,10.032609089799074,sunny,10,0,False
2020-10-18,13.370838965499853,13.333853104502195,13.244649408486598,13.401935965650855,6.448710021317698,6.529720958865875,6.562388271453099,4.767740526393707,4.643525106654591,4.6902226103045574,10.305576920323295,sunny,10,0,False
2020-10-25,13.38328907125123,13.513727046613115,13.407688802506373,13.38667057453786,6.59336557613433,6.57724991886149,6.550974373271946,4.7533709617346105,4.872897967794941,4.8147205267932,10.035376022483915,sunny,10,0,False
2020-11-01,13.346979731951441,13.42773850725662,13.411996708401784,13.545311166662666,6.512771627406106,6.578287411629431,6.56401048607499,4.754212818045934,4.788833295824039,4.728903703356208,9.8072851738347,sunny,10,0,False
2020-11-08,13.349995665240018,13.273415921659328,13.329380474589474,13.312164867352417,6.475533625562902,6.498263625183754,6.412100112631515,4.69863872259818,4.708598253834587,4.697781601682786,9.90530976058261,sunny,11,0,False
2020-11-15,13.16994566302911,13.085752702838292,13.232428476959191,13.158678747689791,6.19180450753168,6.310104863343831,6.324431285018298,4.581883040796699,4.548789957949076,4.586710470840558,9.929127134700776,sunny,11,0,False
2020-11-22,13.392934277316854,13.398516661286923,13.379281780020072,13.462453872917356,6.5457614739183345,6.606081151534893,6.663741374774446,4.86651991049623,4.685696134992022,4.831929345927574,9.816987694778026,sunny,11,0,False
2020-11-29,13.183504732984833,13.245914769698496,13.18863495562204,13.26325974909139,6.345797359115109,6.479136225162399,6.352491311674578,4.580780039902323,4.594909631880925,4.596887726406213,10.324770044317859,sunny,11,0,False
2020-12-06,13.326117579544066,13.280428952060689,13.364981274850905,13.290106418355105,2.938942444085704,2.934852040436385,3.0038800649869355,4.66491903449598,4.703519150117222,4.669065497979219,9.657732182111252,sunny,12,0,False
2020-12-13,13.32777341172221,13.33422214074116,13.355307542879954,13.366744086973272,2.4509849216666773,2.334383709451919,2.448149623064685,4.7170701738616945,4.771731065625884,4.705763625098437,9.858083750702267,sunny,12,0,False
2020-12-20,13.402958368798316,13.290376670911138,13.302004718958198,13.35029432904918,2.333457159467506,2.451457805005762,2.468917788271151,4.763270496138167,4.763050182289997,4.724339656026436,10.082504320464519,sunny,12,0,False
2020-12-27,13.391271618039529,13.332149384978887,13.276505249409297,13.278790072411336,2.391390941305141,2.4147742558833847,2.3941859097069473,4.6712221216268635,4.735531371123197,4.702546758331695,9.818709702493676,sunny,12,0,False
2021-01-03,13.416989868433545,13.442012291858594,13.291593701266729,13.299382479045773,2.4390656008316864,2.4099474177644944,2.383455059148149,4.77854125637557,4.6996299055385276,4.817871483741617,9.670836694078249,sunny,12,0,False
2021-01-10,13.30645497302597,13.399520354421218,13.355422477934455,13.286565317381335,2.3779570172703473,2.4433558612994735,2.4498103208331807,4.705489753727673,4.689685183301092,4.693787768889591,10.324706251970596,sunny,1,0,False
2021-01-17,13.224602480106201,13.245379381142701,13.360003075676822,13.394909859502272,2.4283859162362313,2.4622828735455036,2.4364167060935134,4.714757652409424,4.683941189516073,4.694481865361974,9.766712007031105,sunny,1,0,False
2021-01-24,13.316028993037982,13.18294589534319,13.280528370078505,13.251179918995065,2.3257353842207276,2.3744849141785602,2.275684450500628,4.664763698246894,4.558365325075165,4.550842261029414,10.338412803714629,sunny,1,0,False
2021-01-31,13.352694363307657,13.339704249668861,13.295467883537466,13.274598463770953,2.472350333856663,2.3884783768103137,2.3831608023666617,4.766057143938407,4.679752039232928,4.731995086800081,10.065737788712855,sunny,1,0,False
2021-02-07,13.168896033875123,13.263943868453003,13.28317541276751,13.264829296605146,2.3413574949182685,2.2755595968897873,2.3388456765628365,4.712630076324826,4.641969371719816,4.756794776518861,10.151694415826649,sunny,2,0,False
2021-02-14,13.550505427180562,13.559345834381366,13.579975150587979,13.46468590838689,2.5688242245154562,2.580646272615834,2.5755051722781834,4.896987217921064,4.954803654810665,4.974419702098139,10.28472959664007,sunny,2,0,False
2021-02-21,13.29324698988313,13.209507469753492,13.2102113526587,13.2710862102362,2.3569255929968937,2.3526968599261098,2.3318814883605006,4.561810907788004,4.636436978918198,4.66257147558082,10.093335497217392,sunny,2,0,False
2021-02-28,13.322037174844793,13.309696718238834,13.266086065144155,13.379737372955947,2.444692064026929,2.3832539331204865,2.4699133579301136,4.6960693194552015,4.724056388861758,4.655581170596678,10.401206642489118,sunny,2,0,False
2021-03-07,13.154388514802232,13.227546488501007,13.226665750050435,13.202678727613177,6.380583182011192,6.374333121891008,6.428856952323529,4.5934378823014965,4.634887523932991,4.636859821460652,9.987148918791055,sunny,3,0,False
2021-03-14,13.26696456814408,13.198166822640607,13.247431786700256,13.289867271659118,6.337625967468144,6.425885268797982,6.363404386565802,4.643654516068095,4.608884914752362,4.695640331241553,9.929167358690119,sunny,3,0,False
2021-03-21,13.301931886243258,13.203658098308162,13.296617739414092,13.277570996862275,6.415530682936957,6.362458781527437,6.478655835352766,4.645794791518592,4.691671834970508,4.631045768752422,10.007717382403829,sunny,3,0,False
2021-03-28,13.239321416265962,13.241381218094535,13.261291392996348,13.115213497053928,6.591340382903651,6.4966250406961175,6.51533496165227,4.714787233804644,4.656556881474043,4.654115260508088,9.741327627363301,sunny,3,0,False
2021-04-04,13.247829603011978,13.295173477360033,13.311160681443585,13.266290319468098,6.380934611530885,6.4106612723227006,6.5057624810209305,4.648359401143897,4.620948489939122,4.672296071615157,9.997416263478343,sunny,4,0,False
2021-04-11,13.312316302397054,13.351830327993103,13.436864094667017,13.358382636680249,6.544509244444738,6.580728217014088,6.5491299733481,4.736107884679318,4.742229569559909,4.685601564832357,10.08855208613363,sunny,4,0,False
2021-04-18,13.172768626811783,13.193118452985132,13.219984905094165,13.171909034863589,6.34355139444954,6.294486580736725,6.374114458027262,4.593567265157513,4.60171694433457,4.583762052882282,10.276742235968758,sunny,4,0,False
2021-04-25,13.256406836197899,13.19637505494794,13.223431276260888,13.23423218781078,6.388485207967147,6.462243963368879,6.2996065083069395,4.600918234675916,4.603299935794521,4.612545362970073,9.763763400073717,sunny,4,0,False
2021-05-02,13.394533931793498,13.35907283375373,13.370674966468338,13.297154662527472,6.433075859487448,6.482960897950293,6.489540059887345,4.838019073906037,4.751074251727382,4.7686199873088615,9.881418533942298,sunny,4,0,False
2021-05-09,13.243158026872269,13.163365459324549,13.183088955158125,13.118811444570909,6.405728230730297,6.355016501188267,6.319308729847593,4.605127373415464,4.63121498002374,4.705625832879575,10.167396399693668,sunny,5,0,False
2021-05-16,13.245959813502814,13.201807104071484,13.224887165272198,13.252076859731481,6.483586524699027,6.3370603050700955,6.338200869715755,4.664371107357435,4.65674998370961,4.766149012953385,9.871504109649349,sunny,5,0,False
2021-05-23,13.052457492782375,13.145541052278938,13.128507522838147,13.014158108404606,6.33513275643521,6.225201290364404,6.288874002761666,4.471475979041409,4.558400554941294,4.556027588433246,10.110765178202284,sunny,5,0,False
2021-05-30,13.223883123883414,13.385845571730162,13.221656374173966,13.225825778422074,6.420170989606918,6.42369756933473,6.411782748918731,4.650075953955366,4.668482947488821,4.708765246844598,10.110843363918566,sunny,5,0,False
2021-06-06,15.213023124205634,15.156886412364004,15.29324195833583,15.18205125157119,12.973881994836994,13.012876562905538,12.96571494453168,6.584374124117977,6.5983654620928816,6.622752070411095,22.86683485412975,sunny,6,0,False
2021-06-13,15.513375460219828,15.423001125863193,15.524600959494146,15.47224237766326,12.931002518722524,12.905078219791708,13.069696202002303,6.802309342042717,6.830454831396072,6.803907560307116,25.041041060080186,sunny,6,0,False
2021-06-20,15.504258706145633,15.577991808414637,15.59236803132057,15.610265578187049,13.07789553445596,13.10426874904592,13.120576335643275,6.856970148774329,6.964432955027381,6.770223471078548,25.026665880262687,sunny,6,0,False
2021-06-27,15.631679116597022,15.579732434629282,15.562850844482469,15.496607312157247,13.339952054106334,13.34917691311435,13.308625805456927,6.960141249419047,6.861629251773937,6.922535179750416,24.708084070030747,sunny,6,0,False
2021-07-04,15.645461495200152,15.735533615749087,15.53241230307938,15.61714240601557,13.800239076319464,13.7671344569105,13.85730043450691,6.99140902723272,6.937138373850695,7.0142143107043875,25.16349830694358,sunny,7,0,False
2021-07-11,15.592391994958673,15.67766207437119,15.72058932151901,15.647569855696908,13.534750423317638,13.55473658335507,13.590034581519928,6.983769054977056,6.867563329051579,6.9907436882109,25.06095628384876,sunny,7,0,False
2021-07-18,15.6583173277168,15.649149209535969,15.649588689661151,15.655752498252033,13.686078974332158,13.535184318423367,13.68188952059916,6.8925536806556025,6.869363537484093,6.951823494387363,25.135197578390724,sunny,7,0,False
2021-07-25,15.493360294412227,15.47799830115189,15.403747362526722,15.460729761696676,13.284155155740502,13.298480354609802,13.351052471086799,6.75785998538902,6.755969891128992,6.777795753331661,24.978594556905882,sunny,7,0,False
2021-08-01,15.576260034071389,15.705142207127594,15.55847672346943,15.639398536568299,13.80889549262111,13.936391139046687,13.822164004954093,6.944833418968883,6.975496943637164,6.910381423650314,24.80440219531676,sunny,7,0,False
2021-08-08,15.798861167976922,15.708076571732741,15.840790926853542,15.762742262100119,13.075888532756643,13.03484046554761,13.074571974502636,7.094821277804063,7.0874629280181,7.099083514584253,24.869580660644527,sunny,8,0,False
2021-08-15,15.593537799073037,15.628400560174958,15.64575814094979,15.759044799395259,14.185890680453243,14.27558895867812,14.109220700017383,6.9483202660835035,6.937689430652838,6.980908712778337,25.170464154548945,sunny,8,0,False
2021-08-22,15.658183443694814,15.720044002847379,15.571874615298395,15.518881642485145,13.484685871789834,13.488356622289045,13.511469726002867,6.953433203803137,6.966434593078755,6.905480194490194,25.175673026054135,sunny,8,0,False
2021-08-29,15.816859626736703,15.861785010849175,15.868175972922675,15.787710327206966,14.153765523908724,14.146272810763394,14.191123725071959,7.067969934656188,7.175887265690106,7.2292379407589475,24.877448983602616,sunny,8,0,False
2021-09-05,14.084176567056655,13.952811154987254,14.023882754652632,13.943538033392258,8.164729196999573,8.292655168596276,8.353782765963128,5.374506481808772,5.369916621206617,5.374143551105877,14.467002991930574,sunny,9,0,False
2021-09-12,13.350929719632875,13.269749914792996,13.261989162465827,13.328460321556975,6.373119427357667,6.374929695053327,6.411564083483855,4.670597429598348,4.614655871439983,4.676919947555007,9.924182655303431,sunny,9,0,False
2021-09-19,13.298327752729486,13.34739051596766,13.372870622991497,13.257416373309113,6.428398471796594,6.364640105927552,6.444293792414816,4.694117381859916,4.703202268246392,4.647106390874353,10.174933734389722,sunny,9,0,False
2021-09-26,13.420764725095374,13.387228222489723,13.273146279632426,13.34258059147839,6.538430521453919,6.45204235475076,6.451140409991696,4.727317514168884,4.754507585405422,4.659242041128798,10.14670756088295,sunny,9,0,False
2021-10-03,13.324661315742327,13.338203397224751,13.399432990919609,13.364160277219788,6.498793861816013,6.454727766155399,6.4262851700642,4.7322630652119795,4.69855344575408,4.763665114801572,10.07985716779965,sunny,9,0,False
2021-10-10,13.230133599955357,13.242107390768705,13.21397555935201,13.162731855394673,6.446831987977687,6.469208673245426,6.261288552612591,4.626714532127844,4.562098398792541,4.650711841885544,9.948047936883302,sunny,10,0,False
2021-10-17,13.057396976498932,13.010875153011895,13.040559462147852,13.076534072608585,6.2907454984836795,6.175866051813361,6.235198284121124,4.518539079125138,4.497022035976855,4.510586097444722,9.784482680259993,sunny,10,0,False
2021-10-24,13.334148491096645,13.422907383295886,13.331954941370462,13.543438887387243,6.463740605083432,6.567185467725352,6.5022605860237865,4.804481129380022,4.794206191941017,4.781406471320302,9.760671874161552,sunny,10,0,False
2021-10-31,13.363068749438257,13.406329962633016,13.320117921969942,13.286676097840509,6.455789588954632,6.479001011397206,6.369767948379606,4.72901709902674,4.6851076888974275,4.737217489461195,10.264048928114935,sunny,10,0,False
2021-11-07,13.44500837870564,13.34204404006717,13.283915958851672,13.397161644022907,6.532237282922906,6.581322972287764,6.448548610976248,4.773120413130414,4.6906873809619345,4.843696244019647,9.947718144450187,sunny,11,0,False
2021-11-14,13.428080160572465,13.47741900023102,13.408096904509017,13.432948039901927,6.630175696651638,6.527588846711753,6.657800163519461,4.759648265319357,4.747196153512734,4.78176120974536,9.853939305673762,sunny,11,0,False
2021-11-21,13.236538096811904,13.25521765493294,13.245670703919242,13.137904184766374,6.418105677144909,6.4472668051838244,6.431428846387627,4.725574368471413,4.664215535201847,4.752543758758259,10.054233981625007,sunny,11,0,False
2021-11-28,13.255313287351546,13.329858651477986,13.438498869711761,13.298941989247552,6.425270309606488,6.508266491631017,6.518695751913105,4.732138934343409,4.8136437653830155,4.728159282154503,9.738332041702003,sunny,11,0,False
2021-12-05,13.198236806526692,13.118056920906431,13.170163691334997,13.228775375001687,3.4530014750846356,3.3796982838846197,3.405375803418118,4.536934295165589,4.5904051719413665,4.508963861675226,10.00856998196005,sunny,12,0,False
2021-12-12,13.217913304497545,13.150712830399925,13.07339098869742,13.121208269060368,2.364366853306261,2.3472676919276276,2.3518405623344614,4.536095126244303,4.506720716664826,4.567331396226298,10.088534315379881,sunny,12,0,False
2021-12-19,13.238449605337818,13.246691722147137,13.227293018982508,13.245513885284637,2.433306789834068,2.413002803751982,2.423394228638094,4.618678225942446,4.595653596680829,4.697258472785447,9.853055621803563,sunny,12,0,False
2021-12-26,13.264438663958025,13.206241965994522,13.331439613249424,13.273956664636254,2.2991454278118915,2.379132027160171,2.3845028915556488,4.589732776077227,4.612208669559931,4.607949292215291,10.263763600293109,sunny,12,0,False
2022-01-02,13.231995162364862,13.24473206674859,13.389166765012083,13.315754372216691,2.4917311848256136,2.4624607497497735,2.5001809142609663,4.733767454033538,4.745532864498434,4.733654387447181,10.458641164290182,sunny,12,0,False
2022-01-09,13.168722505628745,13.091199177420414,13.066380287009032,13.185116795468069,2.4458946428664126,2.3974933331618566,2.398540113719296,4.566681445568942,4.6071287439756015,4.609838122523365,10.280982557779165,sunny,1,0,False
2022-01-16,13.4137901451822,13.346019669645822,13.30123489594089,13.357087739783314,2.521315254860499,2.4158038836262423,2.459801488189952,4.8720510364197915,4.7791079881958085,4.80493287339457,9.863996837630841,sunny,1,0,False
2022-01-23,13.451349995622829,13.39925233591634,13.392051426508607,13.41688013684646,2.4768785667578572,2.56726295332037,2.4790838913400237,4.741201594090728,4.724693536305008,4.859465280482847,9.811853019942044,sunny,1,0,False
2022-01-30,13.381571357388033,13.313663574007736,13.380324122168085,13.350317423217351,2.392060676007267,2.440112549379797,2.4486149444807626,4.715490478028545,4.7159414043151,4.827940584296336,9.90598187615868,sunny,1,0,False
2022-02-06,13.218456504770044,13.291430636538147,13.106871071537315,13.137097424275659,2.3818288811303283,2.327892893703615,2.3300570033981827,4.543235921001399,4.526690502026065,4.453972192015241,9.899922201444216,sunny,2,0,False
2022-02-13,13.103711778227412,13.127343660172047,13.162404335584622,13.164880243352757,2.282564470557622,2.3169113606634193,2.2540519135479284,4.582988122636102,4.587634444342391,4.489816968938788,10.009191121604468,sunny,2,0,False
2022-02-20,13.535451974850213,13.53744822612355,13.45137208076124,13.542558038850752,2.50108892460151,2.484513679710485,2.4963318745590133,4.872850751882536,4.80380423285922,4.777508013491179,9.65585706801464,sunny,2,0,False
2022-02-27,13.333616808690408,13.32195991000414,13.310942772886676,13.261820085234794,2.375055524573698,2.4230612715054765,2.352441974378477,4.683007114717257,4.597132857598906,4.689689083381563,9.896191765888338,sunny,2,0,False
2022-03-06,13.363004762030043,13.412762017084273,13.372832860442283,13.351251488627781,5.91431620814637,5.937219662010416,6.081232784351386,4.770105918575633,4.745646014617149,4.746491138531035,10.103719729603647,sunny,3,0,False
2022-03-13,13.38680783856822,13.367887129157566,13.402423229389342,13.333760891951123,6.543784397955474,6.526097029956741,6.534459062917951,4.7106989075932,4.679420470228858,4.729883354657436,9.960950799029012,sunny,3,0,False
2022-03-20,13.214451719434253,13.31306955430663,13.33401347850881,13.35740779154888,6.487580746827926,6.486144764112227,6.481393186270459,4.667152064168025,4.6721248743248776,4.717322704011576,9.885304158952389,sunny,3,0,False
2022-03-27,13.283059498197716,13.367653519886195,13.290589846274534,13.31002749627793,6.481455876640085,6.402952178276429,6.413041729819029,4.7238469721349,4.6888925150529035,4.628496585350841,9.595392405000524,sunny,3,0,False
2022-04-03,13.376185903614768,13.424494231752803,13.353887813077362,13.421262219047218,6.626928361423211,6.595689124291493,6.585450623483124,4.8405709623779964,4.772671421884055,4.81484555926962,10.19760161469074,sunny,3,0,False
2022-04-10,13.377103145845266,13.34699167213737,13.328621032762872,13.272285554331855,6.475059136286601,6.539399927040284,6.501885953174098,4.629875172720436,4.727436166356177,4.789353211869236,9.992553539906043,sunny,4,0,False
2022-04-17,13.443855089680307,13.460071060193973,13.495369720727643,13.448669726662157,6.6232004414948165,6.663661170801824,6.5984033144796665,4.829274241563538,4.7649517576624465,4.709119376905427,9.993219552192842,sunny,4,0,False
2022-04-24,13.27857559114625,13.259408519533316,13.189675057187142,13.184620713390172,6.388767619685678,6.437258250472607,6.342552857517791,4.603056593304407,4.634058838249162,4.633516312571173,10.113945797107688,sunny,4,0,False
2022-05-01,13.32255044588943,13.24313144539017,13.312832901933607,13.246033041342153,6.371549329078236,6.444003361198021,6.330738120386654,4.614887396532145,4.630031364300857,4.591713423954339,9.803260109764885,sunny,4,0,False
2022-05-08,13.191980855839054,13.172855443862339,13.27649457709914,13.239320390053711,6.37460124572025,6.281210258054496,6.394274176392671,4.585185384794102,4.626239498289269,4.595605431468321,10.01888963011794,sunny,5,0,False
2022-05-15,13.3201513454067,13.336716396776835,13.355572608740125,13.351956409032798,6.47814852741193,6.431820477673402,6.44975908903788,4.656830328342089,4.748273025566741,4.825830421730288,10.142439326383826,sunny,5,0,False
2022-05-22,13.436004970365635,13.487667413677348,13.44434829244683,13.406228417600252,6.610042027128793,6.621622155052532,6.6167460174286505,4.7915031375738115,4.754576876222752,4.7894630614277975,9.912680869224724,sunny,5,0,False
2022-05-29,13.226852826568658,13.387516398940315,13.365120677554998,13.213659971843711,6.541620052523027,6.471653483632159,6.465825681379892,4.662713137249786,4.696494318740235,4.724064469118288,10.200575165320936,sunny,5,0,False
2022-06-05,15.074082433897265,15.019936957347584,15.068962212872169,14.97826759825239,11.406789255095836,11.465414344739363,11.49740637322059,6.334609593024551,6.312402869229859,6.340899611450016,20.57638941689181,sunny,6,0,False
2022-06-12,15.461579847205371,15.4490473812455,15.416519475878633,15.469680959797657,13.14311632942956,13.227373669056067,13.14876393055549,6.644817844945983,6.811375235133185,6.651782599231176,24.9107567189171,sunny,6,0,False
2022-06-19,15.770921077388826,15.863449784220867,15.766305258747863,15.750655855255847,14.006419529150445,14.053763110691797,14.023972438389668,7.026574849660504,7.067515789594361,7.029598585394227,25.180167287450413,sunny,6,0,False
2022-06-26,15.333104029351462,15.300644922773213,15.501673564558489,15.37876990244842,12.624021300073967,12.478994565523132,12.606978925232982,6.71008001447368,6.684990960521079,6.749443085273103,24.88091629802926,sunny,6,0,False
2022-07-03,15.713306118451886,15.67198120380222,15.64553132795118,15.538037859853432,12.96444858100481,13.14161864263072,12.976854824681958,7.023991438511995,6.91790730009665,6.9914099709727235,24.628905476977447,sunny,6,0,False
2022-07-10,15.594714961082415,15.558442146397159,15.49347935505306,15.599030092765597,14.006939502675618,14.001832665227044,14.052012319082834,6.891739900950783,6.8437409446803255,6.885428817106522,25.119656116376653,sunny,7,0,False
2022-07-17,15.570169460031163,15.60292948700253,15.623271228728132,15.625689555924376,13.460712358131874,13.468007816885647,13.42020912288692,7.08459147985816,7.002643729529961,6.902055025393894,24.599872924449837,sunny,7,0,False
2022-07-24,15.655659470162382,15.656765399423618,15.591895380821532,15.62772511495522,13.45858325232985,13.497985766647327,13.485717580338601,7.029104864268966,6.954073420818294,6.945288430478892,24.962551476624395,sunny,7,0,False
2022-07-31,15.686989973569233,15.5896582027114,15.56391780164259,15.602281635862031,14.276864109497215,14.13422209571307,14.293014388852068,6.952697848769916,6.935671074698981,6.864475227172607,24.968189426107816,sunny,7,0,False
2022-08-07,15.509603874994639,15.533395742777616,15.550261140258792,15.618606089004897,13.169552276405057,13.040164311946828,13.12820091597116,6.958700432091836,6.892732548825018,6.875484883179207,24.797008449523055,sunny,8,0,False
2022-08-14,15.348226381547688,15.486002346795471,15.515204412849952,15.396164060522992,12.506834862687702,12.486147958112616,12.588233437361572,6.689988824458084,6.772320517818589,6.719939298888756,24.844785932732275,sunny,8,0,False
2022-08-21,15.601997955340375,15.756427967095352,15.763168191364032,15.676659736504272,13.930208067381775,13.827978415663447,13.94279486122176,7.015674367367659,6.998854642039698,6.990298685712622,24.80336467007024,sunny,8,0,False
2022-08-28,15.384589790426302,15.466494000709774,15.52947880117104,15.470394694025297,13.671127326945802,13.798560063264642,13.693260940394262,6.780512838830047,6.8371113389981035,6.842005836096114,24.99491844431938,sunny,8,0,False
2022-09-04,14.467857775775878,14.49107620528164,14.444911465981404,14.40448225260256,9.517177483599522,9.620766751363755,9.520602462803103,5.780370922088084,5.783264877689116,5.649074185474206,16.243442487594656,sunny,9,0,False
2022-09-11,13.399917745017238,13.306551509093678,13.34506175752775,13.403191696242189,6.4419567291524436,6.484275513325817,6.500299729340782,4.792587391375163,4.753422762427762,4.630433701420032,9.942769593485858,sunny,9,0,False
2022-09-18,13.361880886959497,13.361736848248025,13.3379558511214,13.262176010590903,6.437706647021783,6.336314227691415,6.50187737035057,4.738329916477026,4.727850885708444,4.681642551827067,10.26646582041373,sunny,9,0,False
2022-09-25,13.26214272130757,13.220394494591186,13.24590137988572,13.296596961555778,6.4007519336127086,6.482250298164711,6.43325380966467,4.73564398944763,4.6251191285018205,4.629998532538191,10.276095733473198,sunny,9,0,False
2022-10-02,13.328543391318222,13.282898751868194,13.359529718915454,13.262844532115624,6.482485789095633,6.490758572531267,6.598914347812879,4.657174549380948,4.686469937859884,4.619586868765276,9.906094440984969,sunny,9,0,False
2022-10-09,13.487210682141878,13.504119922983499,13.43287027360446,13.339947771050312,6.665449449318926,6.825605926140495,6.553271556901025,4.872262843532004,4.815552120584305,4.880316563682136,10.251773920329402,sunny,10,0,False
2022-10-16,13.255316573152172,13.390537541329772,13.344966044408991,13.345296148422554,6.470084117231855,6.410843091840773,6.459571437110055,4.706589965014873,4.71332315333974,4.690591397649551,9.698681799580564,sunny,10,0,False
2022-10-23,13.403409522760523,13.488943826698485,13.335819623938779,13.31747506114904,6.525108628867356,6.52092403309948,6.532341708395267,4.771809724143405,4.738658792979108,4.813983282098223,9.792694122056862,sunny,10,0,False
2022-10-30,13.317768793085541,13.348805268999039,13.312614891819516,13.330036939677738,6.43665058112807,6.418742355655756,6.5271876344778965,4.694216484855208,4.685626109314189,4.6387412091197255,9.911489887174069,sunny,10,0,False
2022-11-06,13.264099645084663,13.277960818072424,13.239825149254418,13.281402363281865,6.485646934768554,6.563865079750077,6.554444815902741,4.719409361512665,4.708841090501983,4.659709858029989,10.121532642895726,sunny,11,0,False
2022-11-13,13.339258505919412,13.355202319065354,13.296556402669156,13.381108085456653,6.583860780421416,6.4715921778468255,6.673330531025442,4.745866155733953,4.625133549501082,4.775886285635134,10.163445948408567,sunny,11,0,False
2022-11-20,13.41729052880478,13.419250314061095,13.344182586233417,13.428805782568773,6.585662754765593,6.616231557824806,6.583483507042912,4.817646379189143,4.809494018673154,4.846043221419534,10.371578211850442,sunny,11,0,False
2022-11-27,13.305740303259771,13.176455168017721,13.260276101988698,13.156398254586227,6.370030674232841,6.394356274463899,6.344142712984796,4.601554892687237,4.5890476289245825,4.548650206528298,9.933140757094987,sunny,11,0,False
2022-12-04,13.285009919709672,13.243376284514191,13.173410382955884,13.147563029661415,3.996505024623439,4.026356160007988,3.933241649468858,4.610264252734375,4.562352826183889,4.60533425217659,10.193302841606187,sunny,12,0,False
2022-12-11,13.481108601473958,13.390116253866896,13.470925028919268,13.337771055822925,2.5210924577582965,2.500974048945208,2.4276211715305456,4.685845500932373,4.814078637079536,4.819821502102744,10.057524568812811,sunny,12,0,False
2022-12-18,13.32058963978718,13.330456202329117,13.403771529131415,13.340368785459031,2.5112478062947483,2.4786988864820345,2.502252155817181,4.7942129110365554,4.821353277651768,4.727626601145168,10.129302687021504,sunny,12,0,False
2022-12-25,13.378023828630226,13.460782925561498,13.432083022050056,13.441865123587458,2.4500398439269953,2.412641834852412,2.424559063332947,4.73697905855941,4.759901948110529,4.77242630920739,9.959080574992376,sunny,12,0,False
2023-01-01,13.411216760486953,13.221853018811979,13.230352030105239,13.254486772404267,2.3550243797875665,2.393552208149897,2.327438678034559,4.509473322210383,4.613832164979987,4.658983773060127,10.155654095932613,sunny,12,0,False
2023-01-08,13.168387470881363,13.400870059088298,13.306327638575175,13.239432196318646,2.348072929840172,2.442665339391406,2.482129130122988,4.57059211596961,4.692500608536119,4.636720048295762,10.332424142366557,sunny,1,0,False
2023-01-15,13.395361445598152,13.299660079407023,13.19404446284398,13.276304491666902,2.3984710153063986,2.4062859246840222,2.452084465810298,4.651793103950103,4.700530042414719,4.681054562625009,9.998526966289447,sunny,1,0,False
2023-01-22,13.118755325133643,13.137497113038174,13.131464580176472,13.16179158932968,2.3766160759901034,2.285091799604075,2.3113644900852965,4.596622477895068,4.589869031783109,4.575054296574096,9.840467355662744,sunny,1,0,False
2023-01-29,13.360417628397622,13.459063081322451,13.243914412201754,13.245383403550225,2.448462186341232,2.357930776709481,2.4618878187205375,4.740427859798966,4.670232196096594,4.66837909801821,10.220923718330004,sunny,1,0,False
2023-02-05,13.240028615825596,13.341859605962842,13.234065510560185,13.33688162608385,2.494867129847277,2.5434016349800395,2.4544427093795513,4.727136592004601,4.7212472168707125,4.746561973988801,9.930528176553414,sunny,2,0,False
2023-02-12,13.359391726767305,13.327771430868356,13.267705180815877,13.233330277870474,2.493168636506869,2.3607226919143134,2.4731521109438868,4.768343428121578,4.784871281371532,4.663068776926063,9.954428191718417,sunny,2,0,False
2023-02-19,13.3520384428162,13.306547251779778,13.315347505407331,13.340512172857158,2.333904367613955,2.4276697971827614,2.404750771859254,4.691041335630647,4.641846574367803,4.686475550743817,10.274727908818843,sunny,2,0,False
2023-02-26,13.074557173493096,13.149532245536674,13.100370516597362,13.116799661066196,2.2677525811582773,2.224881383040269,2.278590060817023,4.477069900510685,4.449673293465723,4.506753779881142,10.13578487432944,sunny,2,0,False
2023-03-05,13.31238530796068,13.312025487184076,13.271186034242682,13.271587502500392,5.401342376913215,5.379454997936624,5.375485385272365,4.6727451425837625,4.686743653187482,4.670365380224201,10.220355361169423,sunny,3,0,False
2023-03-12,13.183794180879618,13.212687153790094,13.199596118503635,13.166420493690904,6.429054001884238,6.301258664256483,6.287329917625319,4.634470785439893,4.562198866879294,4.482304881356162,9.893470871077936,sunny,3,0,False
2023-03-19,13.189625135916877,13.184758521174667,13.22736416200111,13.209925895835267,6.276489989923238,6.428310147289977,6.366998267238069,4.629967220795227,4.585643889451465,4.5952237456128655,9.783138687399916,sunny,3,0,False
2023-03-26,13.139856881621066,13.15543307997724,13.158963682389697,13.158314460020428,6.255338007866718,6.276809795195124,6.375409300791559,4.601020003093655,4.56082718263482,4.5814368877381195,10.052957231786454,sunny,3,0,False
2023-04-02,13.379527781959329,13.27451198038556,13.261836623229629,13.437136713979282,6.484258526384913,6.579223992615746,6.541803119580955,4.7182448681163365,4.836768573039082,4.752408992422346,10.029007113791911,sunny,3,0,False
2023-04-09,13.3059579091882,13.362403977665622,13.254778422509457,13.263983608142057,6.449310486307044,6.3916029410599,6.532455336617235,4.78126254622101,4.62682497888142,4.753811368485805,10.301690563248751,sunny,4,0,False
2023-04-16,13.431691530672841,13.566628390800314,13.493046205642258,13.395174369176583,6.59401241558354,6.562493902432274,6.625926112205801,4.823107797347895,4.897614743767057,4.812152396104544,10.234959292604728,sunny,4,0,False
2023-04-23,13.390467668665814,13.347040329222775,13.398361138042704,13.372616745719762,6.458392927223059,6.452991453615513,6.435254929710727,4.8860235216022705,4.7496109402506805,4.750745204849349,10.127035655695801,sunny,4,0,False
2023-04-30,13.023157988817383,12.997772534883769,12.996972021386275,12.997632778208283,6.15680149227767,6.13418471348048,6.105358549486011,4.442243895596679,4.425448212087242,4.381525424467615,9.89783603301189,sunny,4,0,False
2023-05-07,13.60806835634555,13.509186434232141,13.594811342677485,13.600900621737383,6.6045226540104425,6.565693611023301,6.648293778709284,4.900831573318207,4.906730402695013,4.925770484511914,10.107874305586899,sunny,5,0,False
2023-05-14,13.07171117181473,13.149351684016876,13.282111620716343,13.126530529087361,6.429560126715436,6.406140489158144,6.2802970245631045,4.598017555277412,4.522418989028666,4.592502889404367,9.721898877967835,sunny,5,0,False
2023-05-21,13.191082246699187,13.136025716107994,13.098745030719686,13.123784686679764,6.330223898040629,6.358239423815619,6.255145340775401,4.484082678392008,4.5478068793729856,4.520375859835372,10.202402929485205,sunny,5,0,False
2023-05-28,13.253171812016479,13.260466460619629,13.251647316860389,13.350932621247845,6.304677535224936,6.414413565523473,6.361882566872642,4.606269423973062,4.594558178638034,4.717040816602534,9.820980278701265,sunny,5,0,False
2023-06-04,14.591491965005359,14.521007253529124,14.666077679511028,14.597124076020819,10.522987410822221,10.488914272308559,10.62894064807743,5.857291862952299,5.91976087603802,5.926904871622165,18.484332355204582,sunny,6,0,False
2023-06-11,15.609491540136466,15.619779661612137,15.688148734474872,15.667023100703009,13.45816509200284,13.442145883950698,13.422673863945509,6.946971563204968,7.017808709155621,6.97312299549296,24.915747764321775,sunny,6,0,False
2023-06-18,15.626201241081343,15.546315644732307,15.521174334334232,15.648119391088958,14.000864014819914,14.051345202239123,13.912129224911698,6.888066749052239,7.021206483270007,6.888097764995514,24.953422894492466,sunny,6,0,False
2023-06-25,15.607262453546763,15.513345226353657,15.480144210964205,15.622013465204159,13.476077408366516,13.467366751122592,13.533087204527678,6.803789579562554,6.70884195259105,6.889440518905616,24.971620052413495,sunny,6,0,False
2023-07-02,15.691383727148631,15.598774814082642,15.56591192568898,15.625901888702648,14.08144526326184,14.027009695506194,14.142299167703047,6.948473270427066,6.927546734258548,6.910922575369672,24.991463363208823,sunny,6,0,False
2023-07-09,15.663008784925259,15.747374945852217,15.582744603486613,15.611715684952989,13.821657384671084,13.7267999107473,13.740589438834869,6.928708154216854,6.90507382384953,6.935827100695341,25.067757729145097,sunny,7,0,False
2023-07-16,15.633499192422457,15.600428766055234,15.62603601982382,15.623265603955915,13.872523469392073,13.746917091354243,13.711241100419375,6.986891884881273,6.863752566343268,6.8577904900393705,24.964373180427618,sunny,7,0,False
2023-07-23,15.773305848906706,15.812699774898826,15.815356486745223,15.72125004112991,14.573824212541158,14.683589678370451,14.611603774330842,7.156643288445382,7.1204264497185905,7.076104011673486,25.07744752407438,sunny,7,0,False
2023-07-30,15.58847668872611,15.669118543469247,15.687010175862302,15.634219703908059,13.759099808150566,13.70363194135184,13.765525325771488,6.894830087206677,6.863557250191819,6.941180081470137,24.960156115464564,sunny,7,0,False
2023-08-06,15.568897404981834,15.636501760557966,15.515393634671161,15.631730928215855,13.166212787411347,13.05734479113873,13.084903104464265,6.8809680544827,6.938280450308063,6.905019856402054,25.043542571574843,sunny,8,0,False
2023-08-13,15.606302629853834,15.647214407153358,15.497476604476178,15.508776388563271,13.224117742753638,13.216556709752112,13.309096168916437,6.8586533886553465,6.744278343077708,6.909724037809398,24.880985179876586,sunny,8,0,False
2023-08-20,15.29496188499062,15.281884626664453,15.31995651096774,15.12860638775128,12.98476338186609,12.95112005086888,13.03869617580296,6.583633227316669,6.5538563345435845,6.548943686024389,24.947669249043447,sunny,8,0,False
2023-08-27,15.755532500479495,15.77028304110852,15.849255958764703,15.673741565449209,14.077672642691182,13.980680009841443,14.023803362635554,7.0499949520709535,7.048969926898808,7.088359612951057,25.03052497756015,sunny,8,0,False
2023-09-03,14.57522497501183,14.562617146483493,14.65718340163962,14.597500582784289,10.458657992420948,10.582762864270702,10.552461645676122,5.920928025220598,5.869666204259933,5.786718406601607,18.49400409049075,sunny,8,0,False
2023-09-10,13.238910390635857,13.277988490333282,13.1676521634484,13.174616598916089,6.405693308717722,6.369776982165681,6.425505087455077,4.7089787795710665,4.621833391223815,4.611252630802092,9.854183959714087,sunny,9,0,False
2023-09-17,13.346292824401846,13.259142332355488,13.312001338935463,13.29157791967413,6.4677291486989095,6.4189348919372575,6.530244389583491,4.678099865891653,4.669902948327572,4.748004294308586,9.91520424479693,sunny,9,0,False
2023-09-24,13.430216012950567,13.465066782999575,13.355468282485644,13.37344501024983,6.574477340334684,6.595128773044766,6.540585839386221,4.692887201144463,4.863902802322319,4.823119997014665,9.866619062392251,sunny,9,0,False
2023-10-01,13.389868823710426,13.313239768389668,13.445142334543927,13.266260458514356,6.465426142822013,6.419281670112835,6.511698044010911,4.659329241231306,4.764682177375522,4.717581701639174,9.68399784380695,sunny,9,0,False
2023-10-08,13.277545668216455,13.102953540374756,13.150512609157236,13.140718118895366,6.5136661236762015,6.438132944473812,6.474596835710985,4.6410055802497485,4.557148449346801,4.47746838853015,10.11448222153347,sunny,10,0,False
2023-10-15,13.219649435380981,13.1946645388761,13.148956398166174,13.220425857551225,6.350381514230857,6.27504508064757,6.280109536260204,4.57305018515563,4.6587390698454785,4.623376332605285,9.995583804397397,sunny,10,0,False
2023-10-22,13.272836177764919,13.197268450702971,13.206356120732485,13.223094486248206,6.400349403794789,6.3259516625632015,6.374127990671154,4.583058931803585,4.5927635248379035,4.537452184509801,9.961479363103116,sunny,10,0,False
2023-10-29,13.166030939754778,13.231978435440825,13.235714804148104,13.28898766114579,6.297614527151136,6.400867860902999,6.378797385136892,4.54389778673107,4.595833801827025,4.540287213785491,9.652074420111235,sunny,10,0,False
2023-11-05,13.290187296124575,13.352796656913648,13.37807117486655,13.263431701845589,6.560911761623028,6.560450235279012,6.499366136900332,4.727833938154786,4.676718376411311,4.74343474221451,9.995733154055936,sunny,11,0,False
2023-11-12,13.147354427327022,13.126395791935273,13.236276694902012,13.063574884729555,6.25660936770307,6.375763698813834,6.412444905042436,4.47983108240451,4.557681515813624,4.616505087118198,10.17737660764813,sunny,11,0,False
2023-11-19,13.377066697776504,13.41511395720897,13.234162609438174,13.333854710056821,6.466684127978903,6.445293709563481,6.49784561802802,4.703579420765187,4.765072619074063,4.701923213557847,9.951107838474714,sunny,11,0,False
2023-11-26,13.388001429736908,13.460786651219049,13.37507330381292,13.370100655512417,6.66391514826245,6.449450988758924,6.540691238866212,4.802771793867562,4.811016292184678,4.7249440687859705,9.854528873982368,sunny,11,0,False
2023-12-03,13.144684257717746,13.175168317311938,13.28406528952402,13.130342502569452,4.408930726278203,4.363160771292964,4.4649083499271125,4.561685785857411,4.61695744775114,4.549615238899709,9.903520751582302,sunny,11,0,False
2023-12-10,13.197110993299654,13.180287331341443,13.21304591882362,13.132889518596134,2.305815823010075,2.325325264859798,2.370238631337172,4.672203823869446,4.518880715399843,4.58864078577518,9.592463554261242,sunny,12,0,False
2023-12-17,13.241098655284949,13.200441127500701,13.166742551832302,13.167203697634537,2.3895384385155403,2.4452004471601083,2.402087217755637,4.669334119975725,4.596940501083902,4.636042362115528,10.022096276920744,sunny,12,0,False
2023-12-24,13.165857007228903,13.178369951247605,13.214200889805657,13.178041437607956,2.3843365049228376,2.2495657506046003,2.3553588981205493,4.555927650150559,4.555387745051114,4.603132717743999,9.966686418492483,sunny,12,0,False
2023-12-31,12.573017649381404,12.587744986330595,12.557122951638858,12.552243629465,1.854973765220592,1.9010920617664224,1.8643722337545245,3.95331458125195,4.056100797483266,3.9525480961984374,10.080684338486561,sunny,12,0,False
